Daily run on Fri Oct 24 12:37:32 UTC 2025
Daily run on Sat Oct 25 09:38:40 UTC 2025
Daily run on Sun Oct 26 09:39:56 UTC 2025
Daily run on Mon Oct 27 09:48:36 UTC 2025
Daily run on Tue Oct 28 09:46:39 UTC 2025
Daily run on Wed Oct 29 09:46:06 UTC 2025
Daily run on Thu Oct 30 09:47:16 UTC 2025
Daily run on Fri Oct 31 09:45:53 UTC 2025
Daily run on Sat Nov  1 09:40:29 UTC 2025
Daily run on Sun Nov  2 09:39:27 UTC 2025
Daily run on Mon Nov  3 09:54:58 UTC 2025
Daily run on Tue Nov  4 09:49:32 UTC 2025
Daily run on Wed Nov  5 09:49:31 UTC 2025
Daily run on Thu Nov  6 09:48:37 UTC 2025
Daily run on Fri Nov  7 09:45:57 UTC 2025
Daily run on Sat Nov  8 09:40:46 UTC 2025
Daily run on Sun Nov  9 09:40:30 UTC 2025
Daily run on Mon Nov 10 09:49:39 UTC 2025
Daily run on Tue Nov 11 09:47:28 UTC 2025
Daily run on Wed Nov 12 09:48:18 UTC 2025
Daily run on Thu Nov 13 09:48:05 UTC 2025
Daily run on Fri Nov 14 09:52:24 UTC 2025
Daily run on Sat Nov 15 09:40:55 UTC 2025
Daily run on Sun Nov 16 09:48:01 UTC 2025
